ms,seg,mouseX,mouseY,L,T,R,B,W,H
29,top-R1,1331,3,1016,0,1646,510,630,510
57,top-R1,1382,3,1067,0,1697,510,630,510
73,top-R1,1433,3,1067,0,1697,510,630,510
89,top-R1,1484,3,1169,0,1799,510,630,510
105,top-R1,1535,3,1169,0,1799,510,630,510
121,top-R1,1586,3,1271,0,1901,510,630,510
136,top-R1,1638,3,1271,0,1901,510,630,510
151,top-R1,1689,3,1374,0,2004,510,630,510
167,top-R1,1740,3,1374,0,2004,510,630,510
182,top-R1,1791,3,1476,0,2106,510,630,510
197,top-R1,1842,3,1476,0,2106,510,630,510
213,top-R1,1893,3,1578,0,2208,510,630,510
228,top-R1,1944,3,1578,0,2208,510,630,510
244,top-R1,1995,3,1680,0,2310,510,630,510
260,top-R1,2046,3,1680,0,2310,510,630,510
276,top-R1,2097,3,1782,0,2412,510,630,510
291,top-R1,2148,3,1820,0,2450,510,630,510
306,top-R1,2199,3,1884,0,2514,510,630,510
323,top-R1,2251,3,1884,0,2514,510,630,510
338,top-R1,2302,3,1930,0,2560,510,630,510
354,top-R1,2353,3,1930,0,2560,510,630,510
370,top-R1,2404,3,1930,0,2560,510,630,510
385,top-R1,2455,3,1930,0,2560,510,630,510
402,top-R1,2506,3,1930,0,2560,510,630,510
417,top-R1,2557,3,1930,0,2560,510,630,510
433,right-R1,2557,54,1930,-510,2560,0,630,510
449,right-R1,2557,106,1930,-510,2560,0,630,510
464,right-R1,2557,157,1930,-75,2560,435,630,510
480,right-R1,2557,209,1930,-75,2560,435,630,510
495,right-R1,2557,260,1930,-75,2560,435,630,510
511,right-R1,2557,312,1578,0,2560,525,982,525
527,right-R1,2557,363,1578,0,2560,525,982,525
542,right-R1,2557,414,1578,149,2560,674,982,525
558,right-R1,2557,466,1824,204,2806,729,982,525
573,right-R1,2557,517,2560,255,3542,780,982,525
589,right-R1,2557,569,2560,255,3542,780,982,525
604,right-R1,2557,620,2147,255,3129,780,982,525
619,right-R1,2557,671,2147,255,3129,780,982,525
635,right-R1,2557,723,1578,461,2560,986,982,525
650,right-R1,2557,774,1578,512,2560,1037,982,525
666,right-R1,2557,826,1578,564,2560,1089,982,525
681,right-R1,2557,877,1578,615,2560,1140,982,525
697,right-R1,2557,929,1578,667,2560,1192,982,525
712,right-R1,2557,980,1578,718,2560,1243,982,525
727,right-R1,2557,1031,1578,769,2560,1294,982,525
744,right-R1,2557,1083,1578,821,2560,1346,982,525
758,right-R1,2557,1134,1578,872,2560,1397,982,525
773,right-R1,2557,1186,1578,924,2560,1449,982,525
788,right-R1,2557,1237,1578,975,2560,1500,982,525
805,right-R1,2557,1288,1578,975,2560,1500,982,525
820,right-R1,2557,1340,1578,975,2560,1500,982,525
836,right-R1,2557,1391,1578,975,2560,1500,982,525
850,right-R1,2557,1443,1578,1075,2560,1600,982,525
867,right-R1,2557,1494,1578,1075,2560,1600,982,525
882,right-R1,2557,1546,1578,1075,2560,1600,982,525
898,right-R1,2557,1597,0,0,982,525,982,525
913,bottom-R1,2506,1597,146,0,1094,525,948,525
928,bottom-R1,2455,1597,1020,295,1767,820,747,525
944,bottom-R1,2404,1597,1407,566,2065,1091,658,525
959,bottom-R1,2353,1597,1903,951,2447,1476,544,525
976,bottom-R1,2302,1597,2031,1106,2545,1631,514,525
992,bottom-R1,2251,1597,2049,1135,2559,1660,510,525
1007,bottom-R1,2199,1597,2050,1138,2560,1529,510,391
1022,bottom-R1,2148,1597,2050,1138,2560,1528,510,390
1038,bottom-R1,2097,1597,1842,1138,2352,1528,510,390
1055,bottom-R1,2046,1597,1842,1138,2352,1528,510,390
1071,bottom-R1,1995,1597,1740,1138,2250,1528,510,390
1087,bottom-R1,1944,1597,1689,1138,2199,1528,510,390
1103,bottom-R1,1893,1597,1638,1138,2148,1528,510,390
1118,bottom-R1,1842,1597,1587,1138,2097,1528,510,390
1133,bottom-R1,1791,1597,1587,1138,2097,1528,510,390
1149,bottom-R1,1740,1597,1485,1138,1995,1528,510,390
1165,bottom-R1,1689,1597,1434,1138,1944,1528,510,390
1181,bottom-R1,1638,1597,1383,1138,1893,1528,510,390
1196,bottom-R1,1586,1597,1383,1138,1893,1528,510,390
1212,bottom-R1,1535,1597,1280,1138,1790,1528,510,390
1227,bottom-R1,1484,1597,1229,1138,1739,1528,510,390
1242,bottom-R1,1433,1597,1178,1138,1688,1528,510,390
1258,bottom-R1,1382,1597,1178,1138,1688,1528,510,390
1274,bottom-R1,1331,1597,1076,1138,1586,1528,510,390
1290,bottom-R1,1280,1597,1025,1138,1535,1528,510,390
1306,bottom-R1,1229,1597,974,1138,1484,1528,510,390
1322,bottom-R1,1178,1597,974,1138,1484,1528,510,390
1336,bottom-R1,1127,1597,872,1138,1382,1528,510,390
1353,bottom-R1,1076,1597,821,1138,1331,1528,510,390
1367,bottom-R1,1025,1597,770,1138,1280,1528,510,390
1384,bottom-R1,974,1597,770,1138,1280,1528,510,390
1400,bottom-R1,922,1597,667,1138,1177,1528,510,390
1415,bottom-R1,871,1597,616,1138,1126,1528,510,390
1431,bottom-R1,820,1597,565,1138,1075,1528,510,390
1448,bottom-R1,769,1597,565,1138,1075,1528,510,390
1463,bottom-R1,718,1597,463,1138,973,1528,510,390
1478,bottom-R1,667,1597,412,1138,922,1528,510,390
1493,bottom-R1,616,1597,361,1138,871,1528,510,390
1510,bottom-R1,565,1597,361,1138,871,1528,510,390
1525,bottom-R1,514,1597,259,1138,769,1528,510,390
1541,bottom-R1,463,1597,208,1138,718,1528,510,390
1556,bottom-R1,412,1597,157,1138,667,1528,510,390
1571,bottom-R1,361,1597,157,1138,667,1528,510,390
1588,bottom-R1,309,1597,54,1138,564,1528,510,390
1604,bottom-R1,258,1597,3,1138,513,1528,510,390
1619,bottom-R1,207,1597,0,1138,510,1528,510,390
1635,bottom-R1,156,1597,0,1138,510,1528,510,390
1650,bottom-R1,105,1597,0,1138,510,1528,510,390
1667,bottom-R1,54,1597,0,1138,510,1528,510,390
1682,bottom-R1,3,1597,0,0,510,390,510,390
1698,left-R1,3,1546,0,0,510,390,510,390
1712,left-R1,3,1494,0,0,510,390,510,390
1728,left-R1,3,1443,0,0,510,390,510,390
1744,left-R1,3,1391,0,1196,510,1586,510,390
1759,left-R1,3,1340,-510,1145,0,1535,510,390
1775,left-R1,3,1288,-510,1145,0,1535,510,390
1790,left-R1,3,1237,-30,1145,480,1535,510,390
1806,left-R1,3,1186,-30,1145,480,1535,510,390
1822,left-R1,3,1134,-1,1145,509,1535,510,390
1837,left-R1,3,1083,-1,1145,509,1535,510,390
1854,left-R1,3,1031,0,1145,510,1535,510,390
1868,left-R1,3,980,0,1145,510,1535,510,390
1884,left-R1,3,929,0,1145,510,1535,510,390
1900,left-R1,3,877,0,1145,510,1535,510,390
1915,left-R1,3,826,0,1145,510,1535,510,390
1931,left-R1,3,774,0,1145,510,1535,510,390
1946,left-R1,3,723,0,1138,510,1528,510,390
1962,left-R1,3,671,0,1138,510,1528,510,390
1977,left-R1,3,620,0,1138,510,1528,510,390
1993,left-R1,3,569,0,1138,510,1528,510,390
2008,left-R1,3,517,0,1138,510,1528,510,390
2024,left-R1,3,466,0,1138,510,1528,510,390
2039,left-R1,3,414,0,1138,510,1528,510,390
2054,left-R1,3,363,0,1138,510,1528,510,390
2069,left-R1,3,312,-510,117,0,507,510,390
2084,left-R1,3,260,-510,117,0,507,510,390
2100,left-R1,3,209,-346,117,164,507,510,390
2116,left-R1,3,157,-182,117,328,507,510,390
2131,left-R1,3,106,-182,117,328,507,510,390
2146,left-R1,3,54,-87,117,423,507,510,390
2162,left-R1,3,3,-87,117,423,507,510,390
2177,top-R2,1331,3,-32,117,478,507,510,390
2195,top-R2,1382,3,-32,117,478,507,510,390
2208,top-R2,1433,3,-7,117,503,507,510,390
2225,top-R2,1484,3,-7,117,503,507,510,390
2239,top-R2,1535,3,0,117,510,507,510,390
2254,top-R2,1586,3,0,117,510,507,510,390
2270,top-R2,1638,3,1383,-345,1893,45,510,390
2286,top-R2,1689,3,1383,-345,1893,45,510,390
2301,top-R2,1740,3,1485,0,1995,390,510,390
2317,top-R2,1791,3,1536,0,2046,390,510,390
2332,top-R2,1842,3,1587,0,2097,390,510,390
2347,top-R2,1893,3,1638,0,2148,390,510,390
2363,top-R2,1944,3,1689,0,2199,390,510,390
2378,top-R2,1995,3,1740,0,2250,390,510,390
2394,top-R2,2046,3,1791,0,2301,390,510,390
2409,top-R2,2097,3,1842,0,2352,390,510,390
2424,top-R2,2148,3,1893,0,2403,390,510,390
2439,top-R2,2199,3,1944,0,2454,390,510,390
2455,top-R2,2251,3,1996,-390,2506,0,510,390
2470,top-R2,2302,3,1996,-344,2506,46,510,390
2485,top-R2,2353,3,2050,0,2560,390,510,390
2501,top-R2,2404,3,2050,0,2560,390,510,390
2516,top-R2,2455,3,2050,0,2560,390,510,390
2532,top-R2,2506,3,2050,0,2560,390,510,390
2547,top-R2,2557,3,2050,0,2560,390,510,390
2564,right-R2,2557,54,2050,-390,2560,0,510,390
2579,right-R2,2557,106,2050,-302,2560,88,510,390
2595,right-R2,2557,157,2050,-66,2560,324,510,390
2610,right-R2,2557,209,2050,14,2560,404,510,390
2626,right-R2,2557,260,1996,0,2506,390,510,390
2642,right-R2,2557,312,1996,0,2506,390,510,390
2658,right-R2,2557,363,1996,0,2506,390,510,390
2673,right-R2,2557,414,1996,0,2506,390,510,390
2689,right-R2,2557,466,1996,0,2506,390,510,390
2704,right-R2,2557,517,1996,0,2506,390,510,390
2720,right-R2,2557,569,2560,374,3070,764,510,390
2735,right-R2,2557,620,2445,374,2955,764,510,390
2750,right-R2,2557,671,2050,0,2560,390,510,390
2765,right-R2,2557,723,2050,0,2560,390,510,390
2781,right-R2,2557,774,2050,0,2560,390,510,390
2796,right-R2,2557,826,2050,14,2560,404,510,390
2812,right-R2,2557,877,2560,682,3070,1072,510,390
2827,right-R2,2557,929,2501,682,3011,1072,510,390
2842,right-R2,2557,980,2050,785,2560,1175,510,390
2858,right-R2,2557,1031,2050,836,2560,1226,510,390
2873,right-R2,2557,1083,2050,888,2560,1278,510,390
2888,right-R2,2557,1134,2050,888,2560,1278,510,390
2919,right-R2,2557,1186,2050,991,2560,1381,510,390
2935,right-R2,2557,1237,2050,1042,2560,1432,510,390
2966,right-R2,2557,1288,2050,1093,2560,1483,510,390
2982,right-R2,2557,1340,2050,682,2560,1072,510,390
3013,right-R2,2557,1391,2050,682,2560,1072,510,390
3029,right-R2,2557,1443,2050,1555,2560,1945,510,390
3044,right-R2,2557,1494,2050,1368,2560,1758,510,390
3061,right-R2,2557,1546,2050,1368,2560,1758,510,390
3076,right-R2,2557,1597,2050,1368,2560,1758,510,390
3091,bottom-R2,2506,1597,2050,1368,2560,1758,510,390
3107,bottom-R2,2455,1597,2050,1368,2560,1758,510,390
3123,bottom-R2,2404,1597,2050,1138,2560,1528,510,390
3139,bottom-R2,2353,1597,2050,1138,2560,1528,510,390
3154,bottom-R2,2302,1597,2047,1138,2557,1528,510,390
3169,bottom-R2,2251,1597,2047,1138,2557,1528,510,390
3185,bottom-R2,2199,1597,1944,1138,2454,1528,510,390
3216,bottom-R2,2148,1597,1893,1138,2403,1528,510,390
3232,bottom-R2,2097,1597,1842,1138,2352,1528,510,390
3262,bottom-R2,2046,1597,1791,1138,2301,1528,510,390
3293,bottom-R2,1995,1597,1740,1138,2250,1528,510,390
3309,bottom-R2,1944,1597,1689,1138,2199,1528,510,390
3326,bottom-R2,1893,1597,1689,1138,2199,1528,510,390
3355,bottom-R2,1842,1597,1587,1138,2097,1528,510,390
3369,bottom-R2,1791,1597,1536,1138,2046,1528,510,390
3385,bottom-R2,1740,1597,1536,1138,2046,1528,510,390
3400,bottom-R2,1689,1597,1434,1138,1944,1528,510,390
3416,bottom-R2,1638,1597,1383,1138,1893,1528,510,390
3431,bottom-R2,1586,1597,1383,1138,1893,1528,510,390
3446,bottom-R2,1535,1597,1280,1138,1790,1528,510,390
3463,bottom-R2,1484,1597,1229,1138,1739,1528,510,390
3478,bottom-R2,1433,1597,1178,1138,1688,1528,510,390
3492,bottom-R2,1382,1597,1127,1138,1637,1528,510,390
3508,bottom-R2,1331,1597,1076,1138,1586,1528,510,390
3524,bottom-R2,1280,1597,1025,1138,1535,1528,510,390
3538,bottom-R2,1229,1597,974,1138,1484,1528,510,390
3554,bottom-R2,1178,1597,923,1138,1433,1528,510,390
3570,bottom-R2,1127,1597,872,1138,1382,1528,510,390
3585,bottom-R2,1076,1597,821,1138,1331,1528,510,390
3601,bottom-R2,1025,1597,770,1138,1280,1528,510,390
3617,bottom-R2,974,1597,719,1138,1229,1528,510,390
3631,bottom-R2,922,1597,667,1138,1177,1528,510,390
3646,bottom-R2,871,1597,616,1138,1126,1528,510,390
3662,bottom-R2,820,1597,565,1138,1075,1528,510,390
3678,bottom-R2,769,1597,565,1138,1075,1528,510,390
3692,bottom-R2,718,1597,463,1138,973,1528,510,390
3708,bottom-R2,667,1597,412,1138,922,1528,510,390
3723,bottom-R2,616,1597,361,1138,871,1528,510,390
3739,bottom-R2,565,1597,310,1138,820,1528,510,390
3754,bottom-R2,514,1597,259,1138,769,1528,510,390
3770,bottom-R2,463,1597,208,1138,718,1528,510,390
3786,bottom-R2,412,1597,157,1138,667,1528,510,390
3801,bottom-R2,361,1597,157,1138,667,1528,510,390
3817,bottom-R2,309,1597,54,1138,564,1528,510,390
3833,bottom-R2,258,1597,3,1138,513,1528,510,390
3849,bottom-R2,207,1597,0,1138,510,1528,510,390
3866,bottom-R2,156,1597,0,1138,510,1528,510,390
3881,bottom-R2,105,1597,0,1138,510,1528,510,390
3898,bottom-R2,54,1597,0,1138,510,1528,510,390
3913,bottom-R2,3,1597,0,0,510,390,510,390
3929,left-R2,3,1546,0,1600,510,1990,510,390
3944,left-R2,3,1494,0,1600,510,1990,510,390
3960,left-R2,3,1443,0,1440,510,1830,510,390
3976,left-R2,3,1391,0,1241,510,1631,510,390
3992,left-R2,3,1340,0,1241,510,1631,510,390
4007,left-R2,3,1288,0,1210,510,1600,510,390
4024,left-R2,3,1237,0,1210,510,1600,510,390
4038,left-R2,3,1186,-510,991,0,1381,510,390
4054,left-R2,3,1134,-510,991,0,1381,510,390
4068,left-R2,3,1083,0,1210,510,1600,510,390
4085,left-R2,3,1031,0,1210,510,1600,510,390
4101,left-R2,3,980,-510,785,0,1175,510,390
4116,left-R2,3,929,-510,785,0,1175,510,390
4132,left-R2,3,877,-346,785,164,1175,510,390
4149,left-R2,3,826,-346,785,164,1175,510,390
4164,left-R2,3,774,-346,785,164,1175,510,390
4179,left-R2,3,723,-346,785,164,1175,510,390
4196,left-R2,3,671,-510,476,0,866,510,390
4211,left-R2,3,620,-510,476,0,866,510,390
4227,left-R2,3,569,0,888,510,1278,510,390
4243,left-R2,3,517,0,888,510,1278,510,390
4258,left-R2,3,466,0,888,510,1278,510,390
4273,left-R2,3,414,0,785,510,1175,510,390
4290,left-R2,3,363,0,785,510,1175,510,390
4305,left-R2,3,312,0,785,510,1175,510,390
4322,left-R2,3,260,0,785,510,1175,510,390
4337,left-R2,3,209,0,785,510,1175,510,390
4352,left-R2,3,157,0,785,510,1175,510,390
4368,left-R2,3,106,0,-390,510,0,510,390
4383,left-R2,3,54,0,-390,510,0,510,390
4399,left-R2,3,3,0,-230,510,160,510,390
